oferta,recamaras,bathrooms,mts,lat,lon,fecha_consulta,fuente,precio,precio_m2
casa en renta en sabalo cerritos,3,2,1.0,23.2973214,-106.4777561,2024-09-04 11:28:07.772966,lamudi,25000.0,25000.0
departamento en renta en centro,2,1,1.0,23.2051184,-106.4199755,2024-09-04 11:28:07.772966,lamudi,13500.0,13500.0
casa en renta en sabalo cerritos,4,3,,23.3056571,-106.4744846,2024-09-04 11:28:07.772966,lamudi,35000.0,
casa en renta en real del valle,2,1,,23.2830326,-106.43058151,2024-09-04 11:28:07.772966,lamudi,10000.0,
casa en renta en hacienda los mangos,3,2,1.0,23.2598254,-106.4259737,2024-09-04 11:28:07.772966,lamudi,14000.0,14000.0
departamento en renta en sabalo cerritos,2,2,75.0,23.2991545,-106.4815048,2024-09-04 11:28:07.772966,lamudi,18000.0,240.0
departamento en renta en potrero de carrasco,2,1,,23.2666666,-106.3205555,2024-09-04 11:28:07.772966,lamudi,13000.0,
casa en renta en arboledas invies,3,1,,23.2634116,-106.3883651,2024-09-04 11:28:07.772966,lamudi,12500.0,
departamento en renta en sabalo country club,2,2,85.0,23.26085,-106.46085,2024-09-04 11:28:07.772966,lamudi,11000.0,129.41176470588235
departamento en renta en telleria,2,2,96.0,23.2271,-106.42478,2024-09-04 11:28:07.772966,lamudi,30000.0,312.5
casa en fraccionamiento en renta en playas infonavit,5,3,320.0,23.2516192,-106.4228283,2024-09-04 11:28:07.772966,lamudi,80000.0,250.0
departamento en renta en sabalo country club,2,2,70.0,23.26085,-106.46085,2024-09-04 11:28:07.772966,lamudi,25000.0,357.14285714285717
departamento en renta en rincon de las plazas,2,2,105.0,23.203,-106.4122,2024-09-04 11:28:07.772966,lamudi,35000.0,333.3333333333333
casa en fraccionamiento en renta en real del valle,4,4,190.0,23.2879518,-106.4248962,2024-09-04 11:28:07.772966,lamudi,23000.0,121.05263157894737
departamento en renta en marina mazatlan,3,3,140.0,23.271233,-106.452509,2024-09-04 11:28:07.772966,lamudi,24000.0,171.42857142857142
departamento en renta en marina mazatlan,1,1,75.0,23.272606,-106.446753,2024-09-04 11:28:07.772966,lamudi,13500.0,180.0
departamento en renta en las gaviotas,2,2,75.0,23.248207,-106.453555,2024-09-04 11:28:07.772966,lamudi,15000.0,200.0
departamento en renta en cerritos resort,2,2,90.0,23.276905,-106.4674987,2024-09-04 11:28:07.772966,lamudi,40000.0,444.44444444444446
casa en condominio en renta en marina mazatlan,,,,23.26967,-106.45232,2024-09-04 11:28:07.772966,lamudi,22000.0,
loft en renta en las gaviotas,1,1,68.0,23.247252,-106.45163,2024-09-04 11:28:07.772966,lamudi,17000.0,250.0
casa en renta en real del valle,3,2,,23.2877702,-106.4297301,2024-09-04 11:28:07.772966,lamudi,17000.0,
departamento en renta en ferrocarrilera,3,3,240.0,23.2200624,-106.4207834,2024-09-04 11:28:07.772966,lamudi,29000.0,120.83333333333333
casa en renta en sabalo cerritos,3,2,,23.287472,-106.468857,2024-09-04 11:28:07.772966,lamudi,22000.0,
casa en fraccionamiento en renta en puerta del sol,3,2,85.0,23.27462838,-106.39683542,2024-09-04 11:28:07.772966,lamudi,9500.0,111.76470588235294
departamento en renta en villas de rueda,2,2,,23.2859232,-106.4723657,2024-09-04 11:28:07.772966,lamudi,49000.0,
condominio horizontal en renta en zona dorada,2,2,,23.2454638,-106.4543865,2024-09-04 11:28:07.772966,lamudi,45000.0,
casa en renta en sabalo cerritos,3,3,,23.287671,-106.467829,2024-09-04 11:28:07.772966,lamudi,25000.0,
casa en renta en el encanto,3,3,,23.258961,-106.457725,2024-09-04 11:28:07.772966,lamudi,25000.0,
casa en renta en marina garden,3,2,,23.281447,-106.468258,2024-09-04 11:28:07.772966,lamudi,23000.0,
departamento en renta en flamingos,2,1,,23.236145,-106.437274,2024-09-04 11:28:07.772966,lamudi,16000.0,
departamento en renta en ciudad de mazatlan,2,2,,23.255015,-106.457761,2024-09-04 11:28:07.772966,lamudi,50000.0,
departamento en renta en sabalo country club,2,2,,23.262684,-106.462673,2024-09-04 11:28:07.772966,lamudi,16000.0,
departamento en renta en alameda,2,3,,23.241446,-106.438379,2024-09-04 11:28:07.772966,lamudi,18000.0,
departamento en renta en real del valle,2,2,,23.275636,-106.436809,2024-09-04 11:28:07.772966,lamudi,20000.0,
casa en renta en real del valle,3,3,260.0,23.2863833,-106.4302811,2024-09-04 11:28:07.772966,lamudi,18000.0,69.23076923076923
casa en renta en sabalo cerritos,3,3,,23.303516,-106.478561,2024-09-04 11:28:07.772966,lamudi,23000.0,
casa en renta en sabalo cerritos,3,3,,23.303516,-106.478561,2024-09-04 11:28:07.772966,lamudi,35000.0,
casa en renta en sabalo cerritos,3,3,,23.287671,-106.467829,2024-09-04 11:28:07.772966,lamudi,22000.0,
casa en renta en cerritos resort,3,3,,23.307572,-106.477456,2024-09-04 11:28:07.772966,lamudi,22000.0,
departamento en renta en villas de rueda,1,1,,23.287421,-106.473854,2024-09-04 11:28:07.772966,lamudi,16000.0,
departamento en renta en marina mazatlan,2,2,154.0,23.270913,-106.456722,2024-09-04 11:28:07.772966,lamudi,26000.0,168.83116883116884
departamento en renta en sabalo cerritos,3,2,,23.295924,-106.467888,2024-09-04 11:28:07.772966,lamudi,27000.0,
casa en renta en sabalo cerritos,3,3,,23.287671,-106.467829,2024-09-04 11:28:07.772966,lamudi,30000.0,
departamento en renta en sabalo country club,2,2,,23.265414,-106.463563,2024-09-04 11:28:07.772966,lamudi,17500.0,
casa en renta en el encanto,3,2,,23.258956,-106.457704,2024-09-04 11:28:07.772966,lamudi,25000.0,
departamento en renta en sabalo cerritos,2,1,65.0,23.303516,-106.47856,2024-09-04 11:28:07.772966,lamudi,18000.0,276.9230769230769
departamento en renta en marina mazatlan,3,3,,23.270913,-106.456722,2024-09-04 11:28:07.772966,lamudi,32000.0,
casa en renta en el cid,3,3,,23.252899,-106.456136,2024-09-04 11:28:07.772966,lamudi,50000.0,
casa en renta en el cid,4,4,,23.255278,-106.450894,2024-09-04 11:28:07.772966,lamudi,42000.0,
departamento en renta en sabalo country club,3,3,,23.262684,-106.462673,2024-09-04 11:28:07.772966,lamudi,23000.0,
departamento en renta en sabalo cerritos,2,2,,23.291145,-106.470008,2024-09-04 11:28:07.772966,lamudi,15000.0,
departamento en renta en ferrocarrilera,2,2,101.0,23.2170844,-106.4198522,2024-09-04 11:28:07.772966,lamudi,20000.0,198.01980198019803
departamento en renta en telleria,2,2,,23.2356921,-106.4395948,2024-09-04 11:28:07.772966,lamudi,4800.0,
casa en renta en mazatlan,3,4,,23.30515406,-106.49024831,2024-09-04 11:28:07.772966,lamudi,50000.0,
departamento en renta en villas de rueda,2,2,,23.2859232,-106.4723657,2024-09-04 11:28:07.772966,lamudi,45000.0,
casa en renta en real del valle,3,3,,23.2863833,-106.4302811,2024-09-04 11:28:07.772966,lamudi,20000.0,
departamento en renta en cerritos resort,2,2,,23.276905,-106.4674987,2024-09-04 11:28:07.772966,lamudi,6000.0,
departamento en renta en royal country,2,2,,23.2915963,-106.4726129,2024-09-04 11:28:07.772966,lamudi,13000.0,
departamento en renta en zona dorada,2,2,,23.2454638,-106.4543865,2024-09-04 11:28:07.772966,lamudi,45000.0,
departamento en renta en telleria,2,2,108.0,23.2331775,-106.4359209,2024-09-04 11:28:07.772966,lamudi,28000.0,259.25925925925924
departamento en renta en sabalo cerritos,3,3,,23.29915437,-106.48150485,2024-09-04 11:28:07.772966,lamudi,50000.0,
departamento en renta en zona dorada,3,3,,23.2429238,-106.4533857,2024-09-04 11:28:07.772966,lamudi,55000.0,
casa en renta en club real,3,3,,23.2693983,-106.4472128,2024-09-04 11:28:07.772966,lamudi,35000.0,
loft en renta en playa sur,1,1,40.0,23.1919551,-106.4214477,2024-09-04 11:28:07.772966,lamudi,8000.0,200.0
departamento en renta en marina mazatlan,3,2,,23.2743651,-106.462157,2024-09-04 11:28:07.772966,lamudi,35000.0,
casa en renta en el cid,4,4,,23.2552777,-106.4508938,2024-09-04 11:28:07.772966,lamudi,45000.0,
departamento en renta en sabalo country club,2,2,,23.2644253,-106.4641046,2024-09-04 11:28:07.772966,lamudi,20000.0,
departamento en renta en sabalo country club,2,2,,23.2626843,-106.4626734,2024-09-04 11:28:07.772966,lamudi,14000.0,
departamento en renta en ciudad de mazatlan,2,2,,23.2604548,-106.4651278,2024-09-04 11:28:07.772966,lamudi,28000.0,
departamento en renta en el dorado,2,2,,23.2514289,-106.4531024,2024-09-04 11:28:07.772966,lamudi,19000.0,
departamento en renta en centro,2,2,,23.1962253,-106.4225304,2024-09-04 11:28:07.772966,lamudi,14000.0,
departamento en renta en sabalo cerritos,2,2,,23.2884934,-106.46703,2024-09-04 11:28:07.772966,lamudi,16000.0,
departamento en renta en ferrocarrilera,2,2,,23.218139,-106.4187348,2024-09-04 11:28:07.772966,lamudi,12000.0,
departamento en renta en marina mazatlan,2,2,,23.271669,-106.459728,2024-09-04 11:28:07.772966,lamudi,22000.0,
casa en renta en el cid,4,4,,23.252899,-106.456136,2024-09-04 11:28:07.772966,lamudi,65000.0,
casa en renta en sabalo cerritos,3,2,,23.305479,-106.478069,2024-09-04 11:28:07.772966,lamudi,35000.0,
departamento en renta en ciudad de mazatlan,3,3,,23.286446,-106.454914,2024-09-04 11:28:07.772966,lamudi,45000.0,
departamento en renta en sabalo country club,1,1,,23.264531,-106.459783,2024-09-04 11:28:07.772966,lamudi,15000.0,
casa en renta en cerritos resort,3,2,,23.308383,-106.476481,2024-09-04 11:28:07.772966,lamudi,30000.0,
departamento en renta en marina mazatlan,3,3,,23.271669,-106.459728,2024-09-04 11:28:07.772966,lamudi,35000.0,
casa en renta en sabalo cerritos,3,1,,23.282481,-106.468356,2024-09-04 11:28:07.772966,lamudi,23000.0,
departamento en renta en las gaviotas,2,2,,23.248586,-106.452425,2024-09-04 11:28:07.772966,lamudi,22000.0,
casa en renta en sabalo cerritos,4,3,,23.305479,-106.478069,2024-09-04 11:28:07.772966,lamudi,30000.0,
casa en renta en cerritos resort,3,3,,23.306418,-106.477959,2024-09-04 11:28:07.772966,lamudi,25000.0,
casa en renta en real del valle,2,2,,23.2863833,-106.4302811,2024-09-04 11:28:07.772966,lamudi,11500.0,
casa en renta en sabalo cerritos,3,2,,23.305479,-106.478069,2024-09-04 11:28:07.772966,lamudi,23000.0,
casa en renta en club real,4,4,,23.269398,-106.447213,2024-09-04 11:28:07.772966,lamudi,45000.0,
departamento en renta en sabalo country club,2,2,,23.265414,-106.463563,2024-09-04 11:28:07.772966,lamudi,15000.0,
casa en renta en cerritos resort,2,2,,23.299078,-106.483657,2024-09-04 11:28:07.772966,lamudi,27000.0,
departamento en renta en el dorado,1,1,,23.251394,-106.455192,2024-09-04 11:28:07.772966,lamudi,15000.0,
departamento en renta en marina mazatlan,3,3,,23.270913,-106.456722,2024-09-04 11:28:07.772966,lamudi,29000.0,
departamento en renta en sabalo country club,2,2,,23.262684,-106.462673,2024-09-04 11:28:07.772966,lamudi,17000.0,
departamento en renta en sabalo country club,2,2,,23.262684,-106.462673,2024-09-04 11:28:07.772966,lamudi,18000.0,
casa en renta en cerritos resort,3,3,,23.306418,-106.477959,2024-09-04 11:28:07.772966,lamudi,18000.0,
departamento en renta en las gaviotas,2,2,,23.247252,-106.45163,2024-09-04 11:28:07.772966,lamudi,28500.0,
departamento en renta en lomas de mazatlan,2,2,,23.244349,-106.445004,2024-09-04 11:28:07.772966,lamudi,17500.0,
departamento en renta en marina mazatlan,2,2,,23.274163,-106.462123,2024-09-04 11:28:07.772966,lamudi,18000.0,
departamento en renta en marina mazatlan,2,2,,23.26795,-106.452844,2024-09-04 11:28:07.772966,lamudi,25000.0,
departamento en renta en el dorado,2,2,,23.251162,-106.453975,2024-09-04 11:28:07.772966,lamudi,20000.0,
departamento en renta en ciudad de mazatlan,2,2,,23.275335,-106.457332,2024-09-04 11:28:07.772966,lamudi,25000.0,
departamento en renta en sabalo cerritos,2,1,,23.297083,-106.476847,2024-09-04 11:28:07.772966,lamudi,14000.0,
departamento en renta en sabalo cerritos,2,2,72.0,23.29104041,-106.46971037,2024-09-04 11:28:07.772966,lamudi,13800.0,191.66666666666666
departamento en renta en sabalo cerritos,2,2,85.0,23.262551,-106.465377,2024-09-04 11:28:07.772966,lamudi,18500.0,217.64705882352942
departamento en renta en marina mazatlan,2,2,,23.274365,-106.462157,2024-09-04 11:28:07.772966,lamudi,28000.0,
casa en renta en marina mazatlan,4,4,,23.277441,-106.452278,2024-09-04 11:28:07.772966,lamudi,60000.0,
casa en renta en sabalo cerritos,3,3,,23.287664,-106.467773,2024-09-04 11:28:07.772966,lamudi,24000.0,
casa en renta en sabalo cerritos,3,4,,23.287664,-106.467773,2024-09-04 11:28:07.772966,lamudi,26000.0,
casa en renta en mediterraneo club residencial,3,2,,23.272374,-106.445751,2024-09-04 11:28:07.772966,lamudi,21000.0,
casa en renta en sabalo cerritos,3,2,,23.287671,-106.467829,2024-09-04 11:28:07.772966,lamudi,26000.0,
casa en renta en sabalo cerritos,3,3,,23.305479,-106.478069,2024-09-04 11:28:07.772966,lamudi,32000.0,
casa en renta en sabalo cerritos,3,3,,23.287472,-106.468857,2024-09-04 11:28:07.772966,lamudi,26000.0,
casa en renta en sabalo cerritos,4,4,,23.305479,-106.478069,2024-09-04 11:28:07.772966,lamudi,32000.0,
departamento en renta en marina mazatlan,4,4,,23.289539,-106.45938,2024-09-04 11:28:07.772966,lamudi,30000.0,
casa en renta en sabalo cerritos,3,2,,23.297083,-106.476847,2024-09-04 11:28:07.772966,lamudi,18000.0,
departamento en renta en marina mazatlan,2,2,,23.269446,-106.452461,2024-09-04 11:28:07.772966,lamudi,16000.0,
departamento en renta en sabalo country club,3,3,,23.266064,-106.462304,2024-09-04 11:28:07.772966,lamudi,35000.0,
departamento en renta en ciudad de mazatlan,2,2,,23.22088,-106.404386,2024-09-04 11:28:07.772966,lamudi,20000.0,
casa en renta en sabalo cerritos,3,4,,23.297321,-106.477756,2024-09-04 11:28:07.772966,lamudi,23000.0,
casa en renta en mediterraneo club residencial,3,2,,23.272374,-106.445751,2024-09-04 11:28:07.772966,lamudi,30000.0,
casa en renta en mazatlan,2,1,,23.296231,-106.434812,2024-09-04 11:28:07.772966,lamudi,20000.0,
departamento en renta en lomas de mazatlan,2,2,,23.240609,-106.446282,2024-09-04 11:28:07.772966,lamudi,19000.0,
casa en renta en sabalo country club,4,3,,23.262684,-106.462673,2024-09-04 11:28:07.772966,lamudi,28000.0,
casa en renta en el cid,3,3,,23.252974,-106.45468,2024-09-04 11:28:07.772966,lamudi,43000.0,
departamento en renta en marina mazatlan,3,2,,23.274163,-106.462123,2024-09-04 11:28:07.772966,lamudi,30000.0,
departamento en renta en marina mazatlan,3,3,,23.270913,-106.456722,2024-09-04 11:28:07.772966,lamudi,26000.0,
departamento en renta en las gaviotas,3,2,,23.246281,-106.451998,2024-09-04 11:28:07.772966,lamudi,20000.0,
departamento en renta en sabalo country club,1,1,,23.262684,-106.462673,2024-09-04 11:28:07.772966,lamudi,16000.0,
departamento en renta en marina mazatlan,3,3,,23.271305,-106.453069,2024-09-04 11:28:07.772966,lamudi,30000.0,
departamento en renta en telleria,2,2,,23.231478,-106.433932,2024-09-04 11:28:07.772966,lamudi,35000.0,
departamento en renta en cerritos resort,2,2,114.0,23.276032,-106.4663,2024-09-04 11:28:07.772966,lamudi,36000.0,315.7894736842105
departamento en renta en marina mazatlan,2,2,,23.274709,-106.46548,2024-09-04 11:28:07.772966,lamudi,20000.0,
departamento en renta en cerritos resort,2,2,,23.27751,-106.46698,2024-09-04 11:28:07.772966,lamudi,45000.0,
casa en renta en el cid,4,4,450.0,23.257136,-106.450612,2024-09-04 11:28:07.772966,lamudi,55000.0,122.22222222222223
casa en renta en el cid,3,3,300.0,23.255278,-106.450894,2024-09-04 11:28:07.772966,lamudi,45000.0,150.0
casa en renta en sabalo country club,3,2,190.0,23.262684,-106.462673,2024-09-04 11:28:07.772966,lamudi,18000.0,94.73684210526316
casa en renta en sabalo cerritos,4,4,232.0,23.298981,-106.478335,2024-09-04 11:28:07.772966,lamudi,40000.0,172.41379310344828
casa en renta en real del valle,3,2,190.0,23.285468,-106.432864,2024-09-04 11:28:07.772966,lamudi,20000.0,105.26315789473684
casa en renta en marina mazatlan,3,3,,23.296697,-106.434527,2024-09-04 11:28:07.772966,lamudi,27000.0,
casa en renta en marina mazatlan,3,4,,23.296697,-106.434527,2024-09-04 11:28:07.772966,lamudi,27000.0,
casa en renta en sabalo cerritos,3,3,,23.287671,-106.467829,2024-09-04 11:28:07.772966,lamudi,20000.0,
casa en renta en el cid,4,3,,23.255278,-106.450894,2024-09-04 11:28:07.772966,lamudi,45000.0,
casa en renta en sabalo cerritos,3,3,,23.287671,-106.467829,2024-09-04 11:28:07.772966,lamudi,21500.0,
casa en renta en el cid,4,2,,23.255278,-106.450894,2024-09-04 11:28:07.772966,lamudi,60000.0,
casa en renta en punta diamante,3,4,,23.275364,-106.453384,2024-09-04 11:28:07.772966,lamudi,55000.0,
casa en renta en mediterraneo club residencial,3,2,240.0,23.272374,-106.445751,2024-09-04 11:28:07.772966,lamudi,25000.0,104.16666666666667
departamento en renta en centro,2,2,,23.205346,-106.428325,2024-09-04 11:28:07.772966,lamudi,30000.0,
casa en renta en marina mazatlan,3,3,,23.277781,-106.452224,2024-09-04 11:28:07.772966,lamudi,55000.0,
casa en renta en el cid,3,3,,23.257136,-106.450612,2024-09-04 11:28:07.772966,lamudi,35000.0,
casa en renta en club real,4,3,,23.268198,-106.445579,2024-09-04 11:28:07.772966,lamudi,40000.0,
casa en renta en real del valle,3,2,,23.286383,-106.430281,2024-09-04 11:28:07.772966,lamudi,21000.0,
casa en renta en mazatlan,3,3,,23.296231,-106.434812,2024-09-04 11:28:07.772966,lamudi,30000.0,
departamento en renta en marina mazatlan,3,3,,23.274365,-106.462157,2024-09-04 11:28:07.772966,lamudi,60000.0,
departamento en renta en sabalo cerritos,3,3,,23.305479,-106.478069,2024-09-04 11:28:07.772966,lamudi,22000.0,
departamento en renta en zona dorada,1,1,55.0,23.245892,-106.454207,2024-09-04 11:28:07.772966,lamudi,25200.0,458.1818181818182
departamento en renta en lomas de mazatlan,2,2,,23.244349,-106.445004,2024-09-04 11:28:07.772966,lamudi,14000.0,
casa en renta en real del valle,3,2,,23.285468,-106.432864,2024-09-04 11:28:07.772966,lamudi,22000.0,
casa en renta en real del valle,4,3,,23.285468,-106.432864,2024-09-04 11:28:07.772966,lamudi,19000.0,
casa en renta en real del valle,4,3,,23.286086,-106.424819,2024-09-04 11:28:07.772966,lamudi,25000.0,
casa en renta en real del valle,3,2,,23.275569,-106.42785,2024-09-04 11:28:07.772966,lamudi,24000.0,
casa en renta en real del valle,3,3,,23.286094,-106.425514,2024-09-04 11:28:07.772966,lamudi,22000.0,
casa en renta en mediterraneo club residencial,3,3,,23.273764,-106.44557,2024-09-04 11:28:07.772966,lamudi,20000.0,
casa en renta en sabalo country club,3,2,,23.265414,-106.463563,2024-09-04 11:28:07.772966,lamudi,20000.0,
casa en renta en sabalo country club,3,3,,23.259032,-106.462577,2024-09-04 11:28:07.772966,lamudi,20000.0,
casa en renta en club real,4,4,,23.269398,-106.447213,2024-09-04 11:28:07.772966,lamudi,27000.0,
casa en renta en el cid,3,3,,23.255278,-106.450894,2024-09-04 11:28:07.772966,lamudi,36000.0,
casa en renta en mediterraneo club residencial,,2,,23.272374,-106.445751,2024-09-04 11:28:07.772966,lamudi,22000.0,
casa en renta en ciudad de mazatlan,3,2,,23.287141,-106.421927,2024-09-04 11:28:07.772966,lamudi,14000.0,
casa en renta en marina mazatlan,3,3,,23.277566,-106.452737,2024-09-04 11:28:07.772966,lamudi,39900.0,
casa en renta en sabalo cerritos,3,4,,23.287472,-106.468857,2024-09-04 11:28:07.772966,lamudi,27500.0,
casa en renta en club real,3,3,,23.269398,-106.447213,2024-09-04 11:28:07.772966,lamudi,40000.0,
departamento en renta en balcones de loma linda,2,2,,23.202262,-106.42876,2024-09-04 11:28:07.772966,lamudi,45000.0,
casa en renta en sabalo cerritos,4,4,,23.298981,-106.478335,2024-09-04 11:28:07.772966,lamudi,35000.0,
casa en renta en sabalo cerritos,3,3,,23.305479,-106.478069,2024-09-04 11:28:07.772966,lamudi,33000.0,
casa en renta en ciudad de mazatlan,3,3,,23.27953,-106.420807,2024-09-04 11:28:07.772966,lamudi,16500.0,
casa en renta en sabalo cerritos,3,2,,23.297083,-106.476847,2024-09-04 11:28:07.772966,lamudi,17000.0,
casa en renta en ciudad de mazatlan,3,3,,23.312281,-106.425026,2024-09-04 11:28:07.772966,lamudi,20000.0,
casa en renta en alameda,3,2,,23.24116,-106.434335,2024-09-04 11:28:07.772966,lamudi,27000.0,
casa en renta en sabalo cerritos,3,2,,23.291417,-106.469055,2024-09-04 11:28:07.772966,lamudi,21000.0,
casa en renta en royal country,3,2,,23.291596,-106.472613,2024-09-04 11:28:07.772966,lamudi,15000.0,
casa en renta en ciudad de mazatlan,3,4,,23.277451,-106.452341,2024-09-04 11:28:07.772966,lamudi,38000.0,
departamento en renta en centro,2,2,,23.205346,-106.428325,2024-09-04 11:28:07.772966,lamudi,40000.0,
casa en renta en sabalo cerritos,3,2,,23.3024,-106.47899,2024-09-04 11:28:07.772966,lamudi,20000.0,
departamento en renta en real pacifico,2,2,,23.276505,-106.432468,2024-09-04 11:28:07.772966,lamudi,20000.0,
departamento en renta en isla residencial,2,2,154.0,23.243535,-106.420528,2024-09-04 11:28:07.772966,lamudi,23000.0,149.35064935064935
casa en renta en ciudad de mazatlan,3,2,,23.287141,-106.421927,2024-09-04 11:28:07.772966,lamudi,15000.0,
casa en renta en cerritos resort,2,2,,23.299078,-106.483657,2024-09-04 11:28:07.772966,lamudi,25000.0,
casa en renta en cerritos resort,4,2,,23.306418,-106.477959,2024-09-04 11:28:07.772966,lamudi,20000.0,
departamento en renta en ferrocarrilera,2,2,,23.216192,-106.417767,2024-09-04 11:28:07.772966,lamudi,15000.0,
departamento en renta en centro,2,2,120.0,23.205346,-106.428325,2024-09-04 11:28:07.772966,lamudi,33500.0,279.1666666666667
casa en renta en marina garden,32,2,,23.282451,-106.468304,2024-09-04 11:28:07.772966,lamudi,20000.0,
departamento en renta en sabalo country club,2,1,87.0,23.265414,-106.463563,2024-09-04 11:28:07.772966,lamudi,13000.0,149.42528735632183
casa en renta en el cid,3,2,,23.255278,-106.450894,2024-09-04 11:28:07.772966,lamudi,25000.0,
departamento en renta en mediterraneo club residencial,2,1,,23.272645,-106.445902,2024-09-04 11:28:07.772966,lamudi,18000.0,
casa en renta en sabalo cerritos,4,4,,23.289988,-106.470772,2024-09-04 11:28:07.772966,lamudi,19000.0,
casa en renta en quintas del mar,2,2,,23.295783,-106.480712,2024-09-04 11:28:07.772966,lamudi,35000.0,
departamento en renta en ciudad de mazatlan,3,3,,23.297952,-106.482369,2024-09-04 11:28:07.772966,lamudi,38000.0,
casa en renta en marina mazatlan,,,,23.277579,-106.452737,2024-09-04 11:28:07.772966,lamudi,40000.0,
departamento en renta en ferrocarrilera,2,2,,23.218056,-106.421943,2024-09-04 11:28:07.772966,lamudi,35000.0,
departamento en renta en alameda,2,2,,23.243192,-106.436661,2024-09-04 11:28:07.772966,lamudi,23500.0,
departamento en renta en alameda,2,2,,23.243192,-106.436661,2024-09-04 11:28:07.772966,lamudi,23000.0,
departamento en renta en isla residencial,3,3,,23.243657,-106.42108,2024-09-04 11:28:07.772966,lamudi,32000.0,
departamento en renta en marina mazatlan,3,3,,23.270967,-106.456776,2024-09-04 11:28:07.772966,lamudi,25000.0,
departamento en renta en alameda,2,2,,23.243192,-106.436661,2024-09-04 11:28:07.772966,lamudi,21000.0,
departamento en renta en centro,2,2,,23.206288,-106.42274,2024-09-04 11:28:07.772966,lamudi,18000.0,
casa en renta en sabalo country club,3,2,,23.265414,-106.463563,2024-09-04 11:28:07.772966,lamudi,25000.0,
departamento en renta en marina mazatlan,2,2,,23.288163,-106.456836,2024-09-04 11:28:07.772966,lamudi,17000.0,
departamento en renta en los pinos,2,2,,23.206622,-106.427889,2024-09-04 11:28:07.772966,lamudi,26000.0,
departamento en renta en sabalo cerritos,3,3,127.0,23.290939,-106.470268,2024-09-04 11:28:07.772966,lamudi,21000.0,165.35433070866142
casa en renta en sabalo cerritos,3,3,,23.297242,-106.478776,2024-09-04 11:28:07.772966,lamudi,42000.0,
casa en renta en marina mazatlan,4,,,23.277579,-106.452737,2024-09-04 11:28:07.772966,lamudi,40000.0,
departamento en renta en ciudad de mazatlan,2,2,,23.275335,-106.457332,2024-09-04 11:28:07.772966,lamudi,23000.0,
departamento en renta en isla residencial,2,2,,23.243535,-106.420528,2024-09-04 11:28:07.772966,lamudi,25000.0,
departamento en renta en real del valle,2,,,23.286383,-106.430281,2024-09-04 11:28:07.772966,lamudi,11500.0,
condominio horizontal en renta en marina mazatlan,2,2,68.0,23.287837,-106.443489,2024-09-04 11:28:07.772966,lamudi,20000.0,294.11764705882354
casa en renta en el cid,4,4,472.0,23.257136,-106.450612,2024-09-04 11:28:07.772966,lamudi,38000.0,80.50847457627118
casa en renta en mazatlan,3,3,135.0,23.296231,-106.434812,2024-09-04 11:28:07.772966,lamudi,25000.0,185.1851851851852
casa en renta en el encanto,3,2,,23.258956,-106.457704,2024-09-04 11:28:07.772966,lamudi,30000.0,
casa en renta en el cid,4,4,270.0,23.255278,-106.450894,2024-09-04 11:28:07.772966,lamudi,50000.0,185.1851851851852
casa en renta en el cid,4,5,,23.252974,-106.45468,2024-09-04 11:28:07.772966,lamudi,50000.0,
departamento en renta en zona dorada,2,2,95.0,23.245892,-106.454207,2024-09-04 11:28:07.772966,lamudi,31500.0,331.57894736842104
departamento en renta en telleria,2,2,,23.228057,-106.42957,2024-09-04 11:28:07.772966,lamudi,32000.0,
casa en renta en sabalo cerritos,3,3,,23.287664,-106.467773,2024-09-04 11:28:07.772966,lamudi,24500.0,
departamento en renta en venadillo,2,2,,23.289606,-106.442604,2024-09-04 11:28:07.772966,lamudi,24000.0,
casa en renta en sabalo cerritos,4,3,,23.291145,-106.470008,2024-09-04 11:28:07.772966,lamudi,25000.0,
departamento en renta en marina mazatlan,3,3,,23.270913,-106.456722,2024-09-04 11:28:07.772966,lamudi,27000.0,
departamento en renta en las gaviotas,3,2,,23.247252,-106.45163,2024-09-04 11:28:07.772966,lamudi,21000.0,
casa en renta en sabalo cerritos,3,2,,23.298981,-106.478335,2024-09-04 11:28:07.772966,lamudi,30000.0,
departamento en renta en marina mazatlan,3,3,250.0,23.272412,-106.454982,2024-09-04 11:28:07.772966,lamudi,40000.0,160.0
departamento en renta en sabalo cerritos,2,2,,23.282481,-106.468356,2024-09-04 11:28:07.772966,lamudi,20000.0,
departamento en renta en marina mazatlan,3,2,,23.271305,-106.453069,2024-09-04 11:28:07.772966,lamudi,25000.0,
casa en renta en el cid,3,2,,23.252974,-106.45468,2024-09-04 11:28:07.772966,lamudi,35000.0,
departamento en renta en club real,3,2,,23.272094,-106.446075,2024-09-04 11:28:07.772966,lamudi,33000.0,
departamento en renta en ferrocarrilera,4,4,200.0,23.220552,-106.42318,2024-09-04 11:28:07.772966,lamudi,55000.0,275.0
departamento en renta en sabalo country club,1,1,,23.262684,-106.462673,2024-09-04 11:28:07.772966,lamudi,14500.0,
departamento en renta en las gaviotas,2,2,,23.246281,-106.451998,2024-09-04 11:28:07.772966,lamudi,18000.0,
departamento en renta en cerritos resort,2,2,,23.276905,-106.467499,2024-09-04 11:28:07.772966,lamudi,42000.0,
departamento en renta en sabalo cerritos,2,2,,23.291257,-106.474182,2024-09-04 11:28:07.772966,lamudi,46000.0,
casa en renta en sabalo country club,3,2,,23.265414,-106.463563,2024-09-04 11:28:07.772966,lamudi,17000.0,
departamento en renta en ferrocarrilera,3,2,,23.221856,-106.422892,2024-09-04 11:28:07.772966,lamudi,23000.0,
casa en renta en real del valle,4,3,190.0,23.286094,-106.425514,2024-09-04 11:28:07.772966,lamudi,23000.0,121.05263157894737
casa en renta en mazatlan,2,2,90.0,23.296231,-106.434812,2024-09-04 11:28:07.772966,lamudi,17000.0,188.88888888888889
casa en renta en mediterraneo club residencial,3,2,162.0,23.272374,-106.445751,2024-09-04 11:28:07.772966,lamudi,27000.0,166.66666666666666
casa en renta en mediterraneo club residencial,3,2,,23.272374,-106.445751,2024-09-04 11:28:07.772966,lamudi,24000.0,
casa en renta en real del valle,4,3,,23.286094,-106.425514,2024-09-04 11:28:07.772966,lamudi,20000.0,
casa en renta en real del valle,4,3,201.0,23.289265,-106.424372,2024-09-04 11:28:07.772966,lamudi,5250000.0,26119.402985074626
casa en renta en el cid,3,2,,23.261542,-106.446033,2024-09-04 11:28:07.772966,lamudi,38000.0,
casa en renta en club real,3,3,,23.269398,-106.447213,2024-09-04 11:28:07.772966,lamudi,28000.0,
casa en renta en sabalo cerritos,3,2,,23.305479,-106.478069,2024-09-04 11:28:07.772966,lamudi,28000.0,
casa en renta en sabalo cerritos,3,2,,23.287671,-106.467829,2024-09-04 11:28:07.772966,lamudi,19500.0,
casa en renta en el cid,3,3,,23.255278,-106.450894,2024-09-04 11:28:07.772966,lamudi,85000.0,
casa en renta en real del valle,4,3,,23.286383,-106.430281,2024-09-04 11:28:07.772966,lamudi,22000.0,
casa en renta en el cid,3,4,,23.252974,-106.45468,2024-09-04 11:28:07.772966,lamudi,45000.0,
casa en renta en el cid,3,4,,23.255278,-106.450894,2024-09-04 11:28:07.772966,lamudi,38000.0,
casa en renta en balcones de loma linda,3,2,,23.202262,-106.42876,2024-09-04 11:28:07.772966,lamudi,50000.0,
casa en renta en playas infonavit,4,4,,23.251619,-106.422828,2024-09-04 11:28:07.772966,lamudi,45000.0,
casa en renta en el cid,2,2,,23.255278,-106.450894,2024-09-04 11:28:07.772966,lamudi,26500.0,
departamento en renta en ciudad de mazatlan,2,2,,23.286446,-106.454914,2024-09-04 11:28:07.772966,lamudi,19000.0,
casa en renta en club real,3,2,,23.269398,-106.447213,2024-09-04 11:28:07.772966,lamudi,35000.0,
departamento en renta en real del valle,2,2,,23.275569,-106.42785,2024-09-04 11:28:07.772966,lamudi,18000.0,
casa en renta en cerritos resort,3,2,,23.306722,-106.477901,2024-09-04 11:28:07.772966,lamudi,20000.0,
departamento en renta en real del valle,2,1,,23.286383,-106.430281,2024-09-04 11:28:07.772966,lamudi,13000.0,
casa en renta en real del valle,2,2,,23.286383,-106.430281,2024-09-04 11:28:07.772966,lamudi,17500.0,
casa en renta en playas infonavit,4,3,,23.251619,-106.422828,2024-09-04 11:28:07.772966,lamudi,42000.0,
casa en renta en real del valle,3,1,,23.275569,-106.42785,2024-09-04 11:28:07.772966,lamudi,15000.0,
departamento en renta en genaro estrada calderon,2,2,,23.26383,-106.368787,2024-09-04 11:28:07.772966,lamudi,25000.0,
casa en renta en pradera dorada,4,4,,23.270198,-106.368031,2024-09-04 11:28:07.772966,lamudi,35000.0,
casa en renta en club real,4,4,,23.269398,-106.447213,2024-09-04 11:28:07.772966,lamudi,48000.0,
departamento en renta en ciudad de mazatlan,2,2,,23.286446,-106.454914,2024-09-04 11:28:07.772966,lamudi,18000.0,
departamento en renta en villa galaxia,3,3,,23.240507,-106.414831,2024-09-04 11:28:07.772966,lamudi,35000.0,
casa en renta en mediterraneo club residencial,3,3,,23.273764,-106.44557,2024-09-04 11:28:07.772966,lamudi,19000.0,
casa en renta en real del valle,3,2,,23.294649,-106.419532,2024-09-04 11:28:07.772966,lamudi,23000.0,
casa en renta en real pacifico,4,3,,23.273602,-106.434124,2024-09-04 11:28:07.772966,lamudi,30000.0,
casa en renta en sabalo cerritos,3,3,,23.305479,-106.478069,2024-09-04 11:28:07.772966,lamudi,40000.0,
casa en renta en santa virginia,3,3,,23.238552,-106.421492,2024-09-04 11:28:07.772966,lamudi,15000.0,
departamento en renta en lomas de mazatlan,2,2,,23.244349,-106.445004,2024-09-04 11:28:07.772966,lamudi,16000.0,
departamento en renta en lomas de mazatlan,1,1,,23.244349,-106.445004,2024-09-04 11:28:07.772966,lamudi,15000.0,
departamento en renta en federico velarde,2,2,,23.249415,-106.411142,2024-09-04 11:28:07.772966,lamudi,40000.0,
departamento en renta en marina mazatlan,3,3,,23.271305,-106.453069,2024-09-04 11:28:07.772966,lamudi,21500.0,
departamento en renta en marina mazatlan,2,2,,23.283969,-106.444781,2024-09-04 11:28:07.772966,lamudi,17500.0,
casa en renta en real del valle,2,1,,23.298067,-106.429527,2024-09-04 11:28:07.772966,lamudi,16000.0,
departamento en renta en sabalo cerritos,2,2,,23.298037,-106.480609,2024-09-04 11:28:07.772966,lamudi,35000.0,
departamento en renta en sabalo cerritos,2,2,,23.307434,-106.474483,2024-09-04 11:28:07.772966,lamudi,14000.0,
casa en renta en real del valle,3,2,,23.286383,-106.430281,2024-09-04 11:28:07.772966,lamudi,18000.0,
casa en renta en la joya,3,2,,23.263536,-106.419879,2024-09-04 11:28:07.772966,lamudi,15000.0,
casa en renta en el cid,3,2,,23.255278,-106.450894,2024-09-04 11:28:07.772966,lamudi,40000.0,
casa en renta en quinta real,3,2,,23.258021,-106.421173,2024-09-04 11:28:07.772966,lamudi,15000.0,
casa en renta en plaza reforma,3,2,,23.248141,-106.434882,2024-09-04 11:28:07.772966,lamudi,17000.0,
casa en renta en sabalo cerritos,3,3,,23.307434,-106.474483,2024-09-04 11:28:07.772966,lamudi,18500.0,
casa en renta en el cid,3,2,,23.255278,-106.450894,2024-09-04 11:28:07.772966,lamudi,24000.0,
departamento en renta en los pinos,2,2,,23.205892,-106.427275,2024-09-04 11:28:07.772966,lamudi,22000.0,
casa en renta en paseo alameda,3,4,,23.265996,-106.426463,2024-09-04 11:28:07.772966,lamudi,25000.0,
casa en renta en ciudad de mazatlan,3,2,,23.287141,-106.421927,2024-09-04 11:28:07.772966,lamudi,16000.0,
departamento en renta en cerro del vigia,2,2,,23.18847,-106.425206,2024-09-04 11:28:07.772966,lamudi,24000.0,
departamento en renta en las gaviotas,1,1,,23.248586,-106.452425,2024-09-04 11:28:07.772966,lamudi,12000.0,
departamento en renta en reforma,2,2,,23.213457,-106.420758,2024-09-04 11:28:07.772966,lamudi,30000.0,
casa en renta en villas de rueda,3,4,,23.287421,-106.473854,2024-09-04 11:28:07.772966,lamudi,40000.0,
casa en renta en centro,4,3,,23.203197,-106.420835,2024-09-04 11:28:07.772966,lamudi,20000.0,
departamento en renta en los pinos,2,2,,23.205892,-106.427275,2024-09-04 11:28:07.772966,lamudi,21000.0,
casa en renta en sabalo cerritos,3,3,,23.297321,-106.477756,2024-09-04 11:28:07.772966,lamudi,18000.0,
departamento en renta en ferrocarrilera,3,2,,23.217779,-106.419987,2024-09-04 11:28:07.772966,lamudi,16000.0,
casa en renta en club real,4,3,,23.269398,-106.447213,2024-09-04 11:28:07.772966,lamudi,45000.0,
casa en renta en playa sur,3,2,,23.188578,-106.419261,2024-09-04 11:28:07.772966,lamudi,25000.0,
casa en renta en mediterraneo club residencial,3,2,,23.272374,-106.445751,2024-09-04 11:28:07.772966,lamudi,23000.0,
casa en renta en real pacifico,2,1,,23.275943,-106.433234,2024-09-04 11:28:07.772966,lamudi,11500.0,
casa en renta en lomas de mazatlan,3,2,,23.245537,-106.446151,2024-09-04 11:28:07.772966,lamudi,25000.0,
departamento en renta en ferrocarrilera,2,2,,23.221659,-106.420712,2024-09-04 11:28:07.772966,lamudi,16000.0,
departamento en renta en casa blanca,2,2,,23.235549,-106.42972,2024-09-04 11:28:07.772966,lamudi,25000.0,
casa en renta en real pacifico,2,1,,23.275943,-106.433234,2024-09-04 11:28:07.772966,lamudi,12000.0,
casa en renta en el dorado,3,2,,23.251314,-106.453393,2024-09-04 11:28:07.772966,lamudi,14000.0,
casa en renta en real del mar,4,3,,23.290961,-106.476847,2024-09-04 11:28:07.772966,lamudi,35000.0,
casa en renta en las gaviotas,2,2,,23.248586,-106.452425,2024-09-04 11:28:07.772966,lamudi,25000.0,
casa en renta en real del valle,3,2,,23.294649,-106.419532,2024-09-04 11:28:07.772966,lamudi,13000.0,
casa en renta en royal country,3,2,,23.291596,-106.472613,2024-09-04 11:28:07.772966,lamudi,13000.0,
casa en renta en el cid,2,2,,23.252974,-106.45468,2024-09-04 11:28:07.772966,lamudi,25000.0,
casa en renta en lomas del bosque,3,2,,23.256412,-106.416663,2024-09-04 11:28:07.772966,lamudi,15000.0,
casa en renta en lomas de mazatlan,4,3,,23.244349,-106.445004,2024-09-04 11:28:07.772966,lamudi,30000.0,
casa en renta en el dorado,3,2,,23.251429,-106.453102,2024-09-04 11:28:07.772966,lamudi,20000.0,
departamento en renta en sabalo cerritos,2,1,,23.287671,-106.467829,2024-09-04 11:28:07.772966,lamudi,20000.0,
departamento en renta en las gaviotas,2,1,,23.246281,-106.451998,2024-09-04 11:28:07.772966,lamudi,12000.0,
departamento en renta en lomas de mazatlan,2,1,,23.244349,-106.445004,2024-09-04 11:28:07.772966,lamudi,16000.0,
casa en renta en sabalo cerritos,2,2,,23.291322,-106.474221,2024-09-04 11:28:07.772966,lamudi,16000.0,
departamento en renta en ferrocarrilera,3,2,,23.223787,-106.421929,2024-09-04 11:28:07.772966,lamudi,25000.0,
casa en renta en real del valle,3,2,,23.275569,-106.42785,2024-09-04 11:28:07.772966,lamudi,30000.0,
casa en renta en el cid,3,2,,23.252974,-106.45468,2024-09-04 11:28:07.772966,lamudi,22000.0,
departamento en renta en el toreo,2,2,,23.24867,-106.438379,2024-09-04 11:28:07.772966,lamudi,14000.0,
departamento en renta en el toreo,2,2,,23.24867,-106.438379,2024-09-04 11:28:07.772966,lamudi,15000.0,
casa en renta en cerritos resort,3,3,,23.306418,-106.477959,2024-09-04 11:28:07.772966,lamudi,30000.0,
casa en renta en flamingos,3,2,,23.236145,-106.437274,2024-09-04 11:28:07.772966,lamudi,20000.0,
casa en renta en centro,2,2,,23.197344,-106.423765,2024-09-04 11:28:07.772966,lamudi,20000.0,
casa en renta en plaza reforma,3,2,,23.248141,-106.434882,2024-09-04 11:28:07.772966,lamudi,15000.0,
casa en renta en hacienda los mangos,3,3,,23.263257,-106.426969,2024-09-04 11:28:07.772966,lamudi,16000.0,
casa en renta en ciudad de mazatlan,3,2,,23.287141,-106.421927,2024-09-04 11:28:07.772966,lamudi,17000.0,
casa en renta en real del valle,4,3,,23.275569,-106.42785,2024-09-04 11:28:07.772966,lamudi,27000.0,
casa en renta en real del valle,2,1,,23.275569,-106.42785,2024-09-04 11:28:07.772966,lamudi,12000.0,
departamento en renta en sabalo country club,2,1,,23.265414,-106.463563,2024-09-04 11:28:07.772966,lamudi,12000.0,
casa en renta en real del valle,3,2,,23.294649,-106.419532,2024-09-04 11:28:07.772966,lamudi,12000.0,
casa en renta en las gaviotas,3,2,,23.245244,-106.45164,2024-09-04 11:28:07.772966,lamudi,32000.0,
departamento en renta en real del valle,2,2,71.0,23.282649,-106.428552,2024-09-04 11:28:07.772966,lamudi,12500.0,176.05633802816902
departamento en renta en cerritos resort,3,2,,23.306722,-106.477901,2024-09-04 11:28:07.772966,lamudi,12000.0,
casa en renta en real del valle,3,2,,23.286094,-106.425514,2024-09-04 11:28:07.772966,lamudi,25000.0,
casa en renta en el dorado,3,2,,23.251314,-106.453393,2024-09-04 11:28:07.772966,lamudi,15000.0,
casa en renta en lomas de mazatlan,3,3,,23.245537,-106.446151,2024-09-04 11:28:07.772966,lamudi,20000.0,
departamento en renta en real pacifico,2,2,,23.273602,-106.434124,2024-09-04 11:28:07.772966,lamudi,13000.0,
departamento en renta en casa blanca,2,2,,23.237351,-106.430853,2024-09-04 11:28:07.772966,lamudi,13950.0,
departamento en renta en costa azul,3,3,,23.258283,-106.392374,2024-09-04 11:28:07.772966,lamudi,30000.0,
casa en renta en el cid,4,3,,23.255278,-106.450894,2024-09-04 11:28:07.772966,lamudi,35000.0,
departamento en renta en centro,2,1,,23.205118,-106.419976,2024-09-04 11:28:07.772966,lamudi,16000.0,
departamento en renta en cerritos resort,2,2,,23.307572,-106.477456,2024-09-04 11:28:07.772966,lamudi,14000.0,
casa en renta en hacienda los mangos,3,1,,23.261169,-106.426232,2024-09-04 11:28:07.772966,lamudi,12000.0,
departamento en renta en real del valle,2,2,,23.275569,-106.42785,2024-09-04 11:28:07.772966,lamudi,13000.0,
departamento en renta en ferrocarrilera,2,2,,23.217951,-106.421199,2024-09-04 11:28:07.772966,lamudi,30000.0,
departamento en renta en alameda,2,2,,23.243192,-106.436661,2024-09-04 11:28:07.772966,lamudi,22000.0,
departamento en renta en sabalo cerritos,2,2,,23.290939,-106.470268,2024-09-04 11:28:07.772966,lamudi,13500.0,
departamento en renta en sabalo cerritos,2,2,,23.291257,-106.474182,2024-09-04 11:28:07.772966,lamudi,45000.0,
departamento en renta en sabalo country club,2,2,90.0,23.265414,-106.463563,2024-09-04 11:28:07.772966,lamudi,13000.0,144.44444444444446
departamento en renta en ferrocarrilera,2,1,,23.216192,-106.417767,2024-09-04 11:28:07.772966,lamudi,13000.0,
casa en renta en centro,2,3,,23.196582,-106.423713,2024-09-04 11:28:07.772966,lamudi,25000.0,
departamento en renta en reforma,2,1,,23.213457,-106.420758,2024-09-04 11:28:07.772966,lamudi,25000.0,
departamento en renta en el dorado,2,2,,23.251429,-106.453102,2024-09-04 11:28:07.772966,lamudi,15000.0,
departamento en renta en lomas de mazatlan,2,2,,23.244349,-106.445004,2024-09-04 11:28:07.772966,lamudi,15000.0,
departamento en renta en playa sur,2,,,23.188578,-106.419261,2024-09-04 11:28:07.772966,lamudi,15000.0,
departamento en renta en las gaviotas,2,,,23.246281,-106.451998,2024-09-04 11:28:07.772966,lamudi,15000.0,
departamento en renta en sabalo country club,1,,38.0,23.262468,-106.46359,2024-09-04 11:28:07.772966,lamudi,12000.0,315.7894736842105
departamento en renta en telleria,2,2,161.0,23.225477,-106.42634,2024-09-04 11:28:07.772966,lamudi,34000.0,211.1801242236025
casa en renta en quintas del mar,3,2,250.0,23.2957825,-106.4807122,2024-09-04 11:28:07.772966,lamudi,28000.0,112.0
loft en renta en independencia,1,1,20.0,23.220183,-106.41446,2024-09-04 11:28:07.772966,lamudi,3000.0,150.0
